Image Name,Image Size (bytes),Last Modification Date
Ecological-Medium-Fat-Milk_001.jpg,28171,2023-07-26 13:28:08
Ecological-Medium-Fat-Milk_002.jpg,21422,2023-07-26 13:28:08
Ecological-Medium-Fat-Milk_003.jpg,28564,2023-07-26 13:28:08
Ecological-Medium-Fat-Milk_004.jpg,23076,2023-07-26 13:28:08
Ecological-Medium-Fat-Milk_005.jpg,27263,2023-07-26 13:28:08
Medium-Fat-Milk_001.jpg,31013,2023-08-23 18:10:19
Medium-Fat-Milk_002.jpg,20847,2023-08-23 18:10:10
Medium-Fat-Milk_003.jpg,36554,2023-08-23 18:10:27
Medium-Fat-Milk_004.jpg,31522,2023-08-23 18:10:36
Standard-Milk_001.jpg,32825,2023-07-26 13:28:08
Standard-Milk_002.jpg,21284,2023-07-26 13:28:08
Standard-Milk_003.jpg,23982,2023-07-26 13:28:08
Standard-Milk_004.jpg,22605,2023-07-26 13:28:08
Standard-Milk_005.jpg,19102,2023-07-26 13:28:08
Ecological-Medium-Fat-Milk_001.jpg,27387,2023-07-26 13:28:08
Ecological-Medium-Fat-Milk_002.jpg,29076,2023-07-26 13:28:08
Ecological-Medium-Fat-Milk_003.jpg,24306,2023-07-26 13:28:08
Ecological-Medium-Fat-Milk_004.jpg,27281,2023-07-26 13:28:08
Ecological-Medium-Fat-Milk_005.jpg,27366,2023-07-26 13:28:08
Ecological-Medium-Fat-Milk_006.jpg,25463,2023-07-26 13:28:08
Ecological-Standard-Milk_001.jpg,23599,2023-07-26 13:28:08
Ecological-Standard-Milk_002.jpg,21837,2023-07-26 13:28:08
Ecological-Standard-Milk_003.jpg,27535,2023-07-26 13:28:08
Ecological-Standard-Milk_004.jpg,28137,2023-07-26 13:28:08
Ecological-Standard-Milk_005.jpg,21029,2023-07-26 13:28:08
Ecological-Standard-Milk_006.jpg,26808,2023-07-26 13:28:08
Oat-Milk_001.jpg,15875,2023-07-26 13:28:08
Oat-Milk_002.jpg,22431,2023-07-26 13:28:08
Oat-Milk_003.jpg,21780,2023-07-26 13:28:08
Oat-Milk_004.jpg,17933,2023-07-26 13:28:08
Oat-Milk_005.jpg,22815,2023-07-26 13:28:08
Natural-Oatghurt_001.jpg,21314,2023-07-26 13:28:08
Natural-Oatghurt_002.jpg,24144,2023-07-26 13:28:08
Natural-Oatghurt_003.jpg,26866,2023-07-26 13:28:08
Natural-Oatghurt_004.jpg,22319,2023-07-26 13:28:08
Natural-Oatghurt_005.jpg,24304,2023-07-26 13:28:08
